Date,Temperature,Humidity,Wind_Speed,Precipitation
2020-01-01,25.5,58.1,6.9,0.8
2020-01-02,22.8,59.4,13.5,0.6
2020-01-03,21.8,63.8,9.0,0.8
2020-01-04,22.8,67.8,2.2,0.1
2020-01-05,22.9,69.4,7.5,1.6
2020-01-06,22.7,63.4,10.0,0.1
2020-01-07,16.9,47.9,7.4,1.5
2020-01-08,23.3,57.1,9.6,0.0
2020-01-09,25.1,68.3,6.0,1.1
2020-01-10,24.9,53.1,1.8,1.2
2020-01-11,24.5,46.3,5.4,0.1
2020-01-12,24.4,50.9,7.1,0.8
2020-01-13,21.0,59.6,7.5,0.3
2020-01-14,21.1,47.3,2.5,0.2
2020-01-15,20.2,45.9,12.5,0.5
2020-01-16,22.8,42.9,2.3,1.8
2020-01-17,21.9,69.3,11.3,0.9
2020-01-18,22.9,41.2,2.7,0.3
2020-01-19,20.7,49.5,1.9,0.5
2020-01-20,21.3,60.8,4.7,0.8
2020-01-21,20.2,57.3,5.5,2.6
2020-01-22,22.1,60.0,11.0,0.1
2020-01-23,20.3,57.6,12.6,0.0
2020-01-24,20.8,40.1,4.8,1.1
2020-01-25,22.9,57.8,4.1,0.8
2020-01-26,18.9,68.6,12.8,0.6
2020-01-27,19.9,64.4,13.3,0.5
2020-01-28,24.1,57.4,10.7,2.1
2020-01-29,22.0,68.7,6.9,1.0
2020-01-30,25.6,58.2,5.2,0.0
2020-01-31,19.5,58.5,2.9,0.6
2020-02-01,23.9,48.9,9.3,0.8
2020-02-02,25.7,59.6,13.6,0.6
2020-02-03,23.8,51.0,13.5,0.6
2020-02-04,23.2,43.0,11.0,2.5
2020-02-05,23.8,70.0,13.2,0.2
2020-02-06,22.8,43.7,12.3,1.9
2020-02-07,19.8,57.1,2.0,0.5
2020-02-08,21.1,61.7,14.7,2.0
2020-02-09,25.7,65.7,6.0,0.0
2020-02-10,20.5,55.6,3.8,0.1
2020-02-11,23.1,40.6,4.1,1.6
2020-02-12,23.2,61.1,3.3,0.0
2020-02-13,21.6,58.6,4.3,0.9
2020-02-14,22.3,56.1,11.2,0.9
2020-02-15,23.3,49.4,3.9,0.5
2020-02-16,21.9,46.8,1.8,0.3
2020-02-17,25.4,53.0,10.7,0.4
2020-02-18,19.7,40.7,10.5,0.1
2020-02-19,21.1,53.6,13.6,0.8
2020-02-20,19.5,40.6,5.5,1.4
2020-02-21,23.7,51.5,12.6,0.9
2020-02-22,23.8,48.2,3.6,1.6
2020-02-23,22.6,68.6,4.0,1.2
2020-02-24,20.4,55.5,3.9,0.0
2020-02-25,20.6,52.7,7.5,0.5
2020-02-26,23.3,65.9,8.2,0.1
2020-02-27,18.8,44.0,6.5,1.3
2020-02-28,19.4,44.3,6.0,0.7
2020-02-29,22.5,68.2,11.5,1.4
2020-03-01,40.5,58.9,4.4,0.3
2020-03-02,38.0,33.0,14.0,0.0
2020-03-03,37.3,38.5,1.9,0.9
2020-03-04,36.0,44.6,13.3,3.8
2020-03-05,34.8,37.0,14.2,3.0
2020-03-06,33.7,54.0,13.2,1.0
2020-03-07,36.4,48.5,5.9,0.0
2020-03-08,32.6,34.4,7.7,4.0
2020-03-09,40.8,41.1,12.5,0.1
2020-03-10,33.9,35.7,4.1,0.7
2020-03-11,34.5,40.0,6.7,0.1
2020-03-12,34.7,37.0,1.7,0.1
2020-03-13,32.4,32.4,10.4,0.1
2020-03-14,35.2,37.4,8.8,0.5
2020-03-15,35.3,38.1,1.8,0.1
2020-03-16,36.0,39.0,7.4,0.3
2020-03-17,37.5,38.5,3.5,0.5
2020-03-18,37.2,53.7,10.8,0.1
2020-03-19,36.1,37.8,9.2,0.5
2020-03-20,36.1,38.2,3.8,0.5
2020-03-21,32.2,54.0,8.3,0.1
2020-03-22,33.8,39.2,14.4,0.9
2020-03-23,33.1,42.9,8.5,0.7
2020-03-24,34.3,50.4,2.8,0.3
2020-03-25,35.5,35.6,8.6,2.3
2020-03-26,33.7,43.7,7.4,2.1
2020-03-27,31.9,57.1,10.8,1.2
2020-03-28,38.6,39.8,9.9,1.4
2020-03-29,32.1,53.9,7.4,3.2
2020-03-30,32.6,47.7,7.4,1.9
2020-03-31,34.3,54.6,12.4,2.4
2020-04-01,35.7,34.8,6.6,1.0
2020-04-02,33.6,37.8,1.5,1.9
2020-04-03,32.0,58.8,6.0,0.4
2020-04-04,36.1,33.0,13.2,2.9
2020-04-05,33.5,43.6,4.3,0.4
2020-04-06,32.8,30.5,2.0,0.6
2020-04-07,34.3,37.6,4.5,0.2
2020-04-08,34.8,59.2,6.7,4.6
2020-04-09,31.3,34.9,7.9,1.0
2020-04-10,31.9,37.2,4.4,1.1
2020-04-11,36.8,50.0,6.9,0.7
2020-04-12,28.7,51.2,6.0,0.5
2020-04-13,35.4,54.9,1.6,2.6
2020-04-14,31.9,54.4,14.6,4.2
2020-04-15,30.4,57.1,14.9,0.4
2020-04-16,32.7,58.5,10.7,0.3
2020-04-17,33.2,31.8,13.3,1.3
2020-04-18,31.7,41.2,4.3,1.4
2020-04-19,29.7,35.2,5.3,0.6
2020-04-20,32.6,45.1,9.9,2.9
2020-04-21,35.9,56.0,11.5,2.8
2020-04-22,34.0,32.1,3.1,0.3
2020-04-23,34.5,42.5,9.5,0.1
2020-04-24,36.5,59.0,4.8,0.8
2020-04-25,33.3,47.8,6.7,2.3
2020-04-26,28.9,43.7,4.5,0.5
2020-04-27,35.2,45.2,6.2,0.4
2020-04-28,38.9,40.0,13.1,2.6
2020-04-29,34.5,31.5,7.2,0.3
2020-04-30,33.1,52.2,9.7,1.1
2020-05-01,31.7,51.3,5.8,0.2
2020-05-02,36.3,46.3,1.4,0.3
2020-05-03,35.1,51.3,6.2,0.0
2020-05-04,36.4,32.7,1.3,0.5
2020-05-05,34.2,40.3,4.9,1.0
2020-05-06,33.1,47.3,10.4,1.2
2020-05-07,33.3,58.5,10.1,0.0
2020-05-08,38.6,58.9,10.8,0.0
2020-05-09,39.2,54.4,5.7,0.7
2020-05-10,33.6,43.3,10.7,0.7
2020-05-11,34.3,32.7,6.7,0.3
2020-05-12,36.6,48.6,14.7,0.1
2020-05-13,34.8,56.2,13.9,0.7
2020-05-14,36.4,54.9,13.9,3.5
2020-05-15,34.2,31.1,6.4,0.2
2020-05-16,33.7,34.8,7.2,2.2
2020-05-17,34.6,57.2,10.3,0.2
2020-05-18,31.7,50.9,1.6,0.3
2020-05-19,33.7,31.8,13.7,0.1
2020-05-20,35.4,50.2,5.3,0.8
2020-05-21,34.8,59.9,7.6,0.4
2020-05-22,34.6,35.2,10.5,0.4
2020-05-23,33.8,31.9,7.7,0.9
2020-05-24,31.1,45.4,7.4,0.5
2020-05-25,31.6,40.1,2.9,3.5
2020-05-26,33.2,47.7,6.6,1.1
2020-05-27,31.9,60.0,11.1,0.4
2020-05-28,37.4,59.3,11.7,2.2
2020-05-29,35.5,50.9,3.1,0.4
2020-05-30,36.6,53.2,2.6,3.2
2020-05-31,26.0,33.2,11.4,0.9
2020-06-01,27.9,79.5,10.6,1.3
2020-06-02,28.4,86.4,2.4,15.8
2020-06-03,33.4,76.0,13.0,1.5
2020-06-04,27.9,71.5,2.6,5.1
2020-06-05,28.8,80.6,2.6,15.6
2020-06-06,27.9,76.8,6.6,4.1
2020-06-07,25.6,87.8,6.6,8.2
2020-06-08,30.6,80.8,2.0,7.6
2020-06-09,29.0,88.2,2.5,6.2
2020-06-10,30.1,80.1,5.5,4.2
2020-06-11,28.5,87.6,14.4,8.1
2020-06-12,26.2,72.6,1.4,16.1
2020-06-13,23.3,83.1,3.7,3.6
2020-06-14,29.7,70.5,12.8,5.8
2020-06-15,25.4,72.0,4.1,0.7
2020-06-16,26.8,72.5,1.9,2.5
2020-06-17,28.4,89.3,3.1,4.9
2020-06-18,25.6,75.0,8.4,4.5
2020-06-19,30.4,88.8,1.4,21.0
2020-06-20,26.7,92.4,13.3,4.0
2020-06-21,26.6,82.5,6.1,3.8
2020-06-22,30.6,76.5,10.5,5.5
2020-06-23,28.4,72.9,1.7,1.4
2020-06-24,24.4,94.3,3.5,0.0
2020-06-25,26.5,92.0,14.5,10.2
2020-06-26,28.4,82.7,8.7,2.9
2020-06-27,28.1,76.7,6.2,16.8
2020-06-28,29.5,70.0,5.5,2.3
2020-06-29,27.7,81.1,13.3,3.3
2020-06-30,30.3,93.6,6.3,38.5
2020-07-01,25.7,75.4,13.9,1.5
2020-07-02,29.6,77.4,7.9,4.8
2020-07-03,29.1,73.5,12.8,4.5
2020-07-04,28.9,90.5,3.2,0.9
2020-07-05,27.1,80.6,9.0,0.9
2020-07-06,27.6,76.2,2.6,7.3
2020-07-07,25.2,76.3,1.6,5.3
2020-07-08,26.8,86.0,6.3,4.2
2020-07-09,29.2,93.9,13.6,3.5
2020-07-10,29.8,89.2,9.7,3.5
2020-07-11,29.4,72.8,3.6,1.9
2020-07-12,27.2,80.1,8.4,10.9
2020-07-13,27.9,80.6,3.9,0.5
2020-07-14,28.0,93.3,13.0,1.9
2020-07-15,27.1,85.1,11.2,1.0
2020-07-16,28.8,85.9,7.7,13.4
2020-07-17,30.1,80.5,2.5,1.5
2020-07-18,26.0,90.4,13.4,5.1
2020-07-19,26.8,79.3,13.4,5.8
2020-07-20,31.1,88.4,10.7,0.0
2020-07-21,28.5,74.4,3.0,5.3
2020-07-22,28.9,79.0,13.9,22.1
2020-07-23,26.1,85.0,3.1,26.4
2020-07-24,25.5,76.4,7.9,16.5
2020-07-25,24.0,77.9,7.1,4.7
2020-07-26,28.8,78.9,11.2,19.7
2020-07-27,26.1,84.4,12.1,12.1
2020-07-28,30.0,78.6,11.3,11.8
2020-07-29,26.7,81.2,9.7,6.7
2020-07-30,22.3,82.5,9.8,16.1
2020-07-31,25.0,90.3,4.0,3.4
2020-08-01,24.4,71.5,13.9,16.7
2020-08-02,27.3,74.4,13.6,1.0
2020-08-03,26.4,71.4,2.4,31.5
2020-08-04,28.4,79.2,11.6,3.4
2020-08-05,30.2,77.9,8.2,8.6
2020-08-06,29.9,83.9,11.2,14.0
2020-08-07,27.9,71.0,4.0,11.9
2020-08-08,26.6,81.9,5.2,13.7
2020-08-09,27.4,73.8,12.4,3.2
2020-08-10,27.2,71.7,6.5,9.8
2020-08-11,27.0,77.8,5.7,10.1
2020-08-12,29.6,75.4,3.3,29.1
2020-08-13,29.2,77.3,5.8,1.6
2020-08-14,33.0,91.3,4.1,17.6
2020-08-15,23.5,85.6,7.4,0.9
2020-08-16,25.6,82.1,2.0,10.5
2020-08-17,25.7,92.0,3.5,10.6
2020-08-18,28.0,95.0,8.5,1.8
2020-08-19,29.4,77.3,9.3,2.9
2020-08-20,28.9,93.1,13.2,5.4
2020-08-21,31.4,90.8,11.8,1.9
2020-08-22,28.1,88.4,8.2,0.8
2020-08-23,24.9,93.5,10.5,2.1
2020-08-24,27.8,81.9,1.6,9.9
2020-08-25,28.0,92.0,1.4,5.9
2020-08-26,26.2,77.2,1.3,4.9
2020-08-27,28.4,80.3,4.4,5.4
2020-08-28,31.0,75.9,10.0,7.8
2020-08-29,29.0,93.7,12.9,12.1
2020-08-30,25.3,94.9,7.6,1.1
2020-08-31,27.9,71.7,14.5,23.0
2020-09-01,26.2,76.4,2.8,2.5
2020-09-02,30.6,83.1,5.4,1.2
2020-09-03,30.8,70.6,10.1,4.5
2020-09-04,29.6,91.3,14.6,5.2
2020-09-05,24.6,90.6,5.3,2.1
2020-09-06,27.8,89.8,8.8,10.0
2020-09-07,26.7,70.1,8.2,0.1
2020-09-08,31.4,72.1,14.5,0.4
2020-09-09,28.0,70.0,4.9,22.7
2020-09-10,28.0,74.6,2.5,9.4
2020-09-11,28.7,79.9,3.0,11.9
2020-09-12,32.5,94.2,9.6,15.8
2020-09-13,28.1,92.8,6.0,5.9
2020-09-14,27.9,73.0,13.4,11.2
2020-09-15,28.5,70.4,9.6,27.3
2020-09-16,27.3,83.8,14.0,2.8
2020-09-17,29.5,94.6,8.3,12.2
2020-09-18,26.9,71.7,7.1,5.1
2020-09-19,27.3,78.9,7.2,1.4
2020-09-20,25.3,76.6,1.5,5.9
2020-09-21,30.3,94.1,9.8,0.9
2020-09-22,28.3,94.9,9.4,35.3
2020-09-23,28.5,70.1,14.4,1.8
2020-09-24,26.0,78.3,4.9,8.1
2020-09-25,30.2,72.7,4.1,4.0
2020-09-26,26.7,87.1,6.6,0.9
2020-09-27,28.1,78.7,1.3,9.8
2020-09-28,24.4,85.8,4.8,2.1
2020-09-29,29.9,72.6,11.5,8.0
2020-09-30,26.9,73.9,13.5,4.4
2020-10-01,24.2,74.0,5.2,7.7
2020-10-02,31.0,61.7,9.2,2.0
2020-10-03,24.1,78.3,11.1,0.4
2020-10-04,25.6,77.8,6.9,3.3
2020-10-05,26.0,71.2,14.0,3.1
2020-10-06,24.6,76.0,13.8,5.1
2020-10-07,25.4,61.4,10.4,2.5
2020-10-08,24.2,58.6,6.6,0.1
2020-10-09,27.7,76.6,10.1,5.9
2020-10-10,26.7,60.3,12.4,2.4
2020-10-11,27.1,55.1,11.8,0.5
2020-10-12,31.7,67.0,14.8,12.2
2020-10-13,30.2,56.1,3.6,2.5
2020-10-14,26.5,53.1,6.0,0.4
2020-10-15,25.0,52.6,4.9,0.2
2020-10-16,30.4,55.1,3.1,10.1
2020-10-17,27.7,67.1,14.6,2.2
2020-10-18,29.6,60.9,8.8,4.7
2020-10-19,28.0,67.9,6.8,0.4
2020-10-20,26.8,73.4,13.8,3.6
2020-10-21,28.7,63.8,14.4,2.6
2020-10-22,25.4,79.4,6.0,5.9
2020-10-23,27.6,62.9,11.8,0.1
2020-10-24,28.7,65.1,11.5,4.6
2020-10-25,25.7,74.0,7.6,2.4
2020-10-26,28.9,70.3,2.4,0.1
2020-10-27,26.2,51.5,5.5,1.2
2020-10-28,25.3,78.4,6.4,5.6
2020-10-29,25.1,79.9,13.1,0.3
2020-10-30,27.9,58.8,12.1,1.7
2020-10-31,27.9,68.6,13.4,0.3
2020-11-01,27.4,73.1,1.8,3.7
2020-11-02,24.7,74.7,13.4,3.6
2020-11-03,26.3,79.0,14.9,4.5
2020-11-04,26.2,50.4,12.5,1.3
2020-11-05,27.2,76.0,1.9,9.7
2020-11-06,28.1,79.5,10.3,1.5
2020-11-07,23.4,62.0,8.4,4.4
2020-11-08,25.4,57.7,10.8,2.3
2020-11-09,25.2,78.5,11.9,3.6
2020-11-10,26.2,62.4,5.1,3.5
2020-11-11,24.8,59.1,12.3,1.3
2020-11-12,25.5,52.3,11.7,1.4
2020-11-13,27.3,70.7,11.7,3.7
2020-11-14,27.8,66.3,14.4,4.0
2020-11-15,23.4,58.3,10.2,4.7
2020-11-16,29.9,78.3,3.1,0.1
2020-11-17,27.8,72.7,8.2,0.3
2020-11-18,25.6,71.1,13.2,0.1
2020-11-19,25.2,63.3,8.6,2.1
2020-11-20,24.3,53.0,3.4,1.1
2020-11-21,29.5,66.7,14.4,1.1
2020-11-22,27.2,68.5,13.4,12.7
2020-11-23,27.8,73.0,6.1,1.1
2020-11-24,26.9,79.7,2.7,7.3
2020-11-25,24.1,50.8,8.5,6.9
2020-11-26,28.2,69.3,4.6,0.4
2020-11-27,24.9,51.8,2.9,0.7
2020-11-28,28.2,51.5,2.9,0.3
2020-11-29,25.0,59.5,4.6,1.1
2020-11-30,28.4,61.9,6.7,0.3
2020-12-01,22.1,48.9,10.2,0.7
2020-12-02,23.5,66.5,7.9,1.2
2020-12-03,21.9,44.0,10.9,0.5
2020-12-04,20.9,67.2,9.6,1.2
2020-12-05,21.4,63.8,7.8,1.8
2020-12-06,23.4,55.8,14.1,0.8
2020-12-07,19.0,49.2,13.6,4.1
2020-12-08,24.6,63.1,5.5,1.1
2020-12-09,21.7,45.9,12.8,1.1
2020-12-10,23.8,49.6,8.2,0.6
2020-12-11,21.7,44.2,12.6,1.2
2020-12-12,21.7,41.1,10.3,3.1
2020-12-13,21.5,68.9,12.2,0.8
2020-12-14,19.0,51.3,6.0,1.1
2020-12-15,19.5,67.0,1.4,4.1
2020-12-16,21.7,41.3,7.3,0.3
2020-12-17,21.7,65.1,7.9,0.3
2020-12-18,22.4,63.9,14.7,0.8
2020-12-19,23.1,57.7,3.8,0.0
2020-12-20,25.3,63.2,10.9,0.5
2020-12-21,18.9,63.7,14.7,0.4
2020-12-22,23.7,56.7,11.8,1.4
2020-12-23,22.7,67.2,8.8,0.2
2020-12-24,23.5,43.2,13.3,4.0
2020-12-25,21.7,42.2,11.0,0.7
2020-12-26,22.8,64.0,8.0,0.4
2020-12-27,22.5,61.1,3.7,0.1
2020-12-28,18.2,65.9,5.9,0.9
2020-12-29,21.6,65.5,15.0,1.6
2020-12-30,21.4,43.8,1.8,1.8
2020-12-31,24.2,50.5,14.5,2.5
2021-01-01,24.8,41.3,8.7,0.7
2021-01-02,24.1,50.2,4.2,0.1
2021-01-03,20.2,57.7,5.4,1.3
2021-01-04,18.1,49.9,1.6,0.0
2021-01-05,23.7,58.8,11.8,1.5
2021-01-06,20.2,65.7,14.7,1.3
2021-01-07,22.4,57.6,15.0,0.0
2021-01-08,23.8,43.9,12.5,1.3
2021-01-09,19.6,43.0,7.3,1.4
2021-01-10,21.0,61.4,3.1,2.5
2021-01-11,21.7,49.2,14.9,2.9
2021-01-12,23.5,46.0,2.5,1.1
2021-01-13,24.1,60.5,6.4,0.5
2021-01-14,23.0,51.8,13.3,0.9
2021-01-15,20.9,55.2,11.2,1.0
2021-01-16,19.8,66.7,10.3,4.5
2021-01-17,22.9,49.2,1.6,2.1
2021-01-18,23.1,40.0,7.5,0.3
2021-01-19,20.4,60.2,3.6,1.6
2021-01-20,22.5,52.5,7.3,0.7
2021-01-21,20.8,45.9,10.4,0.8
2021-01-22,21.1,54.1,4.4,3.2
2021-01-23,23.0,56.9,9.3,0.6
2021-01-24,22.7,52.9,6.8,0.8
2021-01-25,25.2,42.8,12.9,0.2
2021-01-26,20.4,63.1,6.3,0.3
2021-01-27,19.4,41.3,10.4,0.6
2021-01-28,23.1,64.9,1.5,1.9
2021-01-29,20.5,45.7,11.7,1.6
2021-01-30,19.6,55.5,3.0,4.1
2021-01-31,23.0,43.3,6.9,0.8
2021-02-01,20.3,61.9,11.8,2.3
2021-02-02,22.3,52.5,5.3,0.3
2021-02-03,18.1,68.4,6.0,0.3
2021-02-04,21.2,47.7,3.9,2.2
2021-02-05,21.1,63.9,14.0,1.7
2021-02-06,21.5,62.3,5.0,0.2
2021-02-07,21.3,45.0,7.7,0.2
2021-02-08,21.4,52.8,6.4,0.0
2021-02-09,20.6,42.8,12.6,0.7
2021-02-10,24.3,47.1,13.5,1.4
2021-02-11,22.7,64.2,1.1,0.1
2021-02-12,20.8,58.5,10.8,0.5
2021-02-13,20.4,50.6,5.4,0.2
2021-02-14,23.2,48.2,3.3,2.2
2021-02-15,20.7,60.0,14.6,0.1
2021-02-16,23.7,57.0,9.7,0.6
2021-02-17,23.0,55.9,11.6,0.6
2021-02-18,21.2,53.0,2.0,0.4
2021-02-19,21.2,65.3,8.6,1.5
2021-02-20,20.5,51.1,12.0,0.2
2021-02-21,23.8,44.3,10.3,1.8
2021-02-22,23.5,62.5,12.7,0.8
2021-02-23,22.5,48.3,5.1,0.8
2021-02-24,21.0,56.8,10.9,2.1
2021-02-25,22.0,58.7,14.4,3.1
2021-02-26,22.8,54.6,9.5,0.0
2021-02-27,24.3,69.7,5.8,1.7
2021-02-28,22.8,62.3,13.2,3.4
2021-03-01,32.5,46.7,7.8,0.1
2021-03-02,34.4,39.1,12.8,2.0
2021-03-03,28.1,39.5,7.0,0.9
2021-03-04,32.6,50.8,7.9,1.5
2021-03-05,32.4,48.3,7.7,0.2
2021-03-06,33.0,38.5,14.0,0.6
2021-03-07,31.8,35.4,9.6,0.5
2021-03-08,25.6,36.3,7.4,0.4
2021-03-09,30.4,56.0,8.3,3.1
2021-03-10,34.9,40.5,6.8,0.2
2021-03-11,36.9,45.7,3.0,0.0
2021-03-12,29.9,55.1,2.5,0.4
2021-03-13,35.5,32.5,2.7,2.8
2021-03-14,36.4,54.5,14.4,0.9
2021-03-15,30.4,51.3,8.8,0.1
2021-03-16,36.6,30.8,12.6,1.3
2021-03-17,35.9,52.4,7.4,0.7
2021-03-18,39.4,57.7,13.4,1.0
2021-03-19,35.3,51.0,8.0,0.1
2021-03-20,31.0,40.7,9.1,0.4
2021-03-21,31.0,50.5,2.8,0.3
2021-03-22,34.3,35.6,14.0,0.0
2021-03-23,32.0,46.1,12.8,0.1
2021-03-24,33.9,31.3,6.3,0.1
2021-03-25,35.0,56.6,12.5,0.2
2021-03-26,33.9,49.3,9.6,0.1
2021-03-27,33.0,58.3,11.2,0.2
2021-03-28,30.4,30.2,8.4,0.0
2021-03-29,35.3,58.3,11.0,1.0
2021-03-30,42.0,33.8,11.7,2.1
2021-03-31,33.4,59.9,4.2,0.4
2021-04-01,32.3,46.6,3.1,0.5
2021-04-02,35.4,34.9,5.3,3.3
2021-04-03,30.8,30.1,2.6,0.8
2021-04-04,33.7,51.7,3.5,1.2
2021-04-05,34.3,38.9,11.2,1.2
2021-04-06,34.6,40.3,6.0,0.5
2021-04-07,36.5,35.2,1.4,2.1
2021-04-08,34.7,49.8,12.1,0.5
2021-04-09,33.5,49.3,12.4,0.7
2021-04-10,39.4,44.3,4.5,0.7
2021-04-11,29.2,47.3,3.2,0.2
2021-04-12,36.5,42.5,4.8,0.6
2021-04-13,39.2,44.2,1.5,2.3
2021-04-14,33.1,35.4,9.1,0.4
2021-04-15,32.8,38.0,12.5,0.1
2021-04-16,36.8,41.4,14.8,0.8
2021-04-17,35.9,53.1,14.7,0.8
2021-04-18,35.8,41.9,1.9,0.9
2021-04-19,38.8,37.2,10.6,2.9
2021-04-20,32.1,38.6,2.2,1.5
2021-04-21,33.9,52.7,4.6,0.0
2021-04-22,34.2,52.5,2.6,0.8
2021-04-23,29.2,47.0,12.8,1.1
2021-04-24,29.9,44.9,3.0,0.5
2021-04-25,35.9,42.3,10.3,0.7
2021-04-26,36.7,34.9,5.4,0.0
2021-04-27,32.9,50.8,7.8,1.7
2021-04-28,41.6,34.0,9.0,1.9
2021-04-29,36.6,59.0,10.9,0.3
2021-04-30,37.1,41.0,4.2,0.5
2021-05-01,35.3,38.8,9.2,0.3
2021-05-02,33.6,37.7,12.7,0.6
2021-05-03,32.8,48.3,14.6,0.8
2021-05-04,29.6,50.4,14.5,1.3
2021-05-05,28.6,31.3,4.3,0.2
2021-05-06,30.8,35.5,8.5,1.4
2021-05-07,37.0,36.9,10.9,0.4
2021-05-08,35.6,41.8,7.1,0.0
2021-05-09,33.4,40.0,10.0,4.6
2021-05-10,36.5,41.0,12.0,0.1
2021-05-11,35.3,36.5,11.1,0.1
2021-05-12,34.7,36.1,5.5,0.2
2021-05-13,34.5,31.4,10.6,0.6
2021-05-14,38.0,46.2,4.1,0.8
2021-05-15,34.6,51.4,7.0,4.0
2021-05-16,37.5,56.4,1.5,0.0
2021-05-17,28.9,37.4,5.5,0.3
2021-05-18,36.4,51.9,12.0,0.8
2021-05-19,35.0,42.4,14.0,0.5
2021-05-20,34.9,49.9,8.6,0.1
2021-05-21,34.1,51.7,14.6,0.3
2021-05-22,33.8,55.8,1.3,2.5
2021-05-23,28.8,55.5,8.5,1.0
2021-05-24,35.8,33.4,9.8,0.8
2021-05-25,34.3,59.0,10.1,3.3
2021-05-26,35.6,45.2,13.5,0.6
2021-05-27,34.8,40.2,9.5,1.0
2021-05-28,32.8,41.6,10.0,0.8
2021-05-29,34.3,48.4,14.3,0.1
2021-05-30,36.0,45.8,1.7,1.6
2021-05-31,29.3,38.0,9.7,1.6
2021-06-01,27.0,81.0,14.5,0.1
2021-06-02,28.1,93.8,9.2,19.3
2021-06-03,26.8,77.6,13.6,3.2
2021-06-04,25.8,76.2,2.7,2.6
2021-06-05,28.0,81.6,10.4,19.8
2021-06-06,26.3,89.4,6.4,27.3
2021-06-07,25.3,87.2,11.4,42.2
2021-06-08,26.7,78.1,3.8,19.6
2021-06-09,28.4,91.1,6.1,9.5
2021-06-10,33.0,87.9,2.9,5.8
2021-06-11,31.4,89.3,14.5,4.2
2021-06-12,26.0,78.3,13.5,6.8
2021-06-13,26.2,74.4,9.1,2.6
2021-06-14,23.8,90.5,7.7,20.6
2021-06-15,24.3,87.2,8.3,12.9
2021-06-16,29.9,84.6,1.7,18.5
2021-06-17,25.2,92.8,1.2,6.1
2021-06-18,30.6,82.2,6.9,31.4
2021-06-19,26.2,78.2,8.7,13.8
2021-06-20,30.0,86.8,2.7,4.4
2021-06-21,29.2,84.5,6.9,18.2
2021-06-22,28.0,85.5,8.9,14.3
2021-06-23,29.8,72.3,4.4,31.7
2021-06-24,28.1,82.0,11.1,2.2
2021-06-25,31.7,72.8,12.8,37.2
2021-06-26,23.1,77.2,13.3,5.6
2021-06-27,30.2,76.9,4.3,5.6
2021-06-28,25.9,94.8,11.3,6.8
2021-06-29,26.9,72.5,13.5,3.6
2021-06-30,30.9,91.0,3.0,21.9
2021-07-01,30.9,76.5,1.0,4.5
2021-07-02,24.7,91.9,13.9,3.1
2021-07-03,27.7,94.4,4.2,4.8
2021-07-04,29.9,76.8,7.7,3.8
2021-07-05,26.5,84.4,4.3,44.4
2021-07-06,25.4,79.0,6.0,0.9
2021-07-07,26.4,92.2,6.2,2.8
2021-07-08,28.0,82.9,2.7,12.0
2021-07-09,28.1,81.6,4.3,1.0
2021-07-10,27.3,79.5,4.7,23.5
2021-07-11,26.1,81.8,12.4,13.3
2021-07-12,26.3,82.4,3.6,1.6
2021-07-13,30.0,80.9,8.4,10.7
2021-07-14,28.1,85.2,1.3,26.1
2021-07-15,27.1,83.3,1.8,1.8
2021-07-16,30.8,89.4,6.7,0.2
2021-07-17,28.9,71.1,3.7,2.3
2021-07-18,26.7,76.9,5.9,26.2
2021-07-19,25.7,92.4,11.7,1.6
2021-07-20,27.9,70.1,14.3,13.3
2021-07-21,26.6,70.9,11.8,21.7
2021-07-22,29.4,77.4,2.4,4.2
2021-07-23,27.5,86.4,7.8,0.2
2021-07-24,29.9,73.7,11.1,11.2
2021-07-25,29.1,84.0,2.3,7.0
2021-07-26,24.7,91.7,9.1,3.0
2021-07-27,30.8,80.7,4.6,16.7
2021-07-28,28.3,80.3,1.4,7.1
2021-07-29,27.5,93.8,9.7,16.8
2021-07-30,27.9,94.5,3.3,9.1
2021-07-31,27.8,81.5,8.5,27.2
2021-08-01,28.1,76.8,6.6,0.8
2021-08-02,27.5,84.0,8.8,0.1
2021-08-03,30.9,80.6,11.4,6.4
2021-08-04,28.1,92.4,9.4,3.8
2021-08-05,27.7,90.0,10.4,3.8
2021-08-06,28.1,81.8,11.1,9.7
2021-08-07,29.1,91.3,11.6,2.1
2021-08-08,25.9,85.8,4.6,24.8
2021-08-09,27.1,76.4,11.3,11.3
2021-08-10,26.3,86.7,13.1,2.0
2021-08-11,28.1,86.2,5.0,5.6
2021-08-12,29.2,77.2,3.7,3.0
2021-08-13,23.6,93.5,8.7,2.0
2021-08-14,26.7,71.4,9.5,1.7
2021-08-15,29.8,91.7,11.7,40.2
2021-08-16,31.6,81.6,2.7,14.4
2021-08-17,28.4,74.5,5.7,28.9
2021-08-18,32.0,85.4,8.1,16.9
2021-08-19,28.1,78.8,13.4,32.6
2021-08-20,27.9,91.3,11.6,3.5
2021-08-21,28.0,81.8,10.8,0.1
2021-08-22,28.6,91.5,5.4,2.3
2021-08-23,26.4,72.2,4.7,4.4
2021-08-24,28.0,80.2,14.7,4.8
2021-08-25,25.5,79.1,6.9,10.9
2021-08-26,28.1,90.2,14.2,10.1
2021-08-27,30.8,78.1,6.6,3.4
2021-08-28,28.3,80.3,8.3,0.9
2021-08-29,27.8,77.1,12.0,1.3
2021-08-30,26.6,87.9,9.9,1.3
2021-08-31,29.3,72.3,11.0,9.3
2021-09-01,29.4,91.6,7.5,5.7
2021-09-02,24.2,91.1,2.3,4.9
2021-09-03,29.3,81.4,7.3,16.4
2021-09-04,28.1,94.9,9.6,13.6
2021-09-05,27.8,92.9,8.0,13.4
2021-09-06,31.1,91.2,11.8,0.5
2021-09-07,29.2,81.2,11.7,8.6
2021-09-08,25.6,80.2,10.7,0.6
2021-09-09,28.3,93.8,6.5,12.7
2021-09-10,24.6,83.5,11.3,2.9
2021-09-11,29.5,76.5,10.3,26.6
2021-09-12,26.0,93.2,8.1,8.4
2021-09-13,26.7,83.9,9.6,3.1
2021-09-14,25.3,86.4,12.0,3.7
2021-09-15,27.3,80.4,12.0,5.7
2021-09-16,29.0,89.8,14.4,14.0
2021-09-17,27.9,79.7,10.7,6.9
2021-09-18,28.7,77.2,13.9,2.8
2021-09-19,28.2,90.0,9.0,1.8
2021-09-20,26.5,80.9,7.5,6.9
2021-09-21,30.6,88.8,7.1,0.0
2021-09-22,30.2,89.4,3.2,0.6
2021-09-23,24.8,86.6,9.2,10.7
2021-09-24,28.0,73.4,9.4,9.3
2021-09-25,28.7,84.8,14.1,6.3
2021-09-26,27.1,84.8,4.3,7.6
2021-09-27,26.7,82.2,7.3,5.3
2021-09-28,27.7,89.0,8.4,1.5
2021-09-29,30.8,90.6,7.5,1.6
2021-09-30,25.6,88.9,14.2,0.7
2021-10-01,27.8,64.0,2.6,1.2
2021-10-02,30.8,52.8,12.7,1.1
2021-10-03,25.4,69.4,3.3,0.7
2021-10-04,26.4,55.4,5.3,30.7
2021-10-05,28.1,53.7,7.1,1.9
2021-10-06,26.8,54.5,8.5,2.7
2021-10-07,28.8,56.0,5.8,2.8
2021-10-08,27.1,58.7,13.3,0.8
2021-10-09,23.8,54.7,6.4,1.0
2021-10-10,25.3,73.1,2.6,1.2
2021-10-11,25.6,66.2,6.0,0.4
2021-10-12,26.4,69.0,2.9,2.2
2021-10-13,28.8,69.5,2.3,5.8
2021-10-14,28.6,76.0,5.3,0.3
2021-10-15,29.2,70.8,11.3,0.1
2021-10-16,26.7,63.0,1.1,1.0
2021-10-17,29.3,55.6,13.1,11.7
2021-10-18,24.1,54.6,14.8,7.0
2021-10-19,25.1,59.8,5.7,3.6
2021-10-20,26.5,66.5,12.5,0.4
2021-10-21,25.3,64.9,9.3,0.8
2021-10-22,25.7,71.0,14.5,1.7
2021-10-23,29.1,73.1,1.2,1.3
2021-10-24,24.8,53.7,15.0,8.1
2021-10-25,28.1,58.1,3.3,1.1
2021-10-26,29.2,71.0,4.2,5.6
2021-10-27,26.7,71.9,4.9,7.5
2021-10-28,25.3,58.7,5.9,10.5
2021-10-29,30.3,53.2,7.3,1.5
2021-10-30,30.6,59.3,6.1,0.2
2021-10-31,26.6,70.9,13.1,1.0
2021-11-01,25.8,59.9,4.4,5.2
2021-11-02,28.1,59.9,12.2,1.3
2021-11-03,23.3,69.0,13.7,0.9
2021-11-04,29.8,72.8,12.0,0.2
2021-11-05,25.8,67.3,14.6,1.0
2021-11-06,27.7,71.5,10.7,2.8
2021-11-07,23.0,78.1,1.6,1.2
2021-11-08,25.0,62.0,10.1,4.7
2021-11-09,26.5,64.2,2.6,1.7
2021-11-10,28.5,57.4,1.3,4.1
2021-11-11,27.7,55.1,14.5,4.4
2021-11-12,29.0,78.0,1.1,7.6
2021-11-13,24.0,66.9,3.2,1.1
2021-11-14,28.1,63.3,14.9,2.1
2021-11-15,26.9,75.6,12.6,3.2
2021-11-16,26.8,69.8,7.9,4.3
2021-11-17,28.1,67.0,12.3,0.5
2021-11-18,25.9,78.8,5.1,1.3
2021-11-19,27.5,78.8,7.8,0.4
2021-11-20,25.8,52.9,10.3,0.1
2021-11-21,26.2,76.3,4.3,0.4
2021-11-22,28.7,77.0,9.5,2.1
2021-11-23,29.3,61.0,2.3,0.9
2021-11-24,25.9,58.4,12.4,1.9
2021-11-25,27.9,66.2,6.8,0.1
2021-11-26,26.9,70.7,10.8,0.8
2021-11-27,26.1,73.2,2.2,2.5
2021-11-28,27.0,64.3,13.3,1.0
2021-11-29,27.5,66.4,12.4,1.2
2021-11-30,26.8,70.9,9.8,1.6
2021-12-01,23.0,64.5,12.6,0.2
2021-12-02,22.8,41.8,9.7,0.2
2021-12-03,22.5,49.2,5.4,0.6
2021-12-04,20.2,42.1,14.5,0.7
2021-12-05,18.9,68.7,10.8,0.5
2021-12-06,23.7,59.0,13.8,3.1
2021-12-07,25.9,42.1,3.1,0.2
2021-12-08,21.9,58.0,1.8,0.2
2021-12-09,24.1,57.3,12.7,0.4
2021-12-10,19.6,48.3,8.8,0.3
2021-12-11,16.6,44.7,4.6,0.7
2021-12-12,19.8,51.8,14.1,1.3
2021-12-13,21.0,57.8,6.8,1.4
2021-12-14,24.8,50.8,11.3,0.1
2021-12-15,21.0,63.5,12.0,0.9
2021-12-16,23.8,52.3,6.7,1.4
2021-12-17,22.2,53.6,13.5,0.3
2021-12-18,20.3,51.5,6.3,0.0
2021-12-19,24.2,64.0,12.7,0.2
2021-12-20,21.6,47.4,2.1,0.4
2021-12-21,22.3,67.7,12.8,0.7
2021-12-22,21.3,63.8,14.7,1.1
2021-12-23,20.7,63.7,6.6,1.2
2021-12-24,23.7,42.3,12.2,0.2
2021-12-25,21.5,57.1,14.6,0.9
2021-12-26,25.9,44.9,10.9,0.3
2021-12-27,23.0,50.4,1.7,0.2
2021-12-28,21.3,57.9,4.8,1.7
2021-12-29,22.3,41.8,8.9,0.9
2021-12-30,22.5,46.1,7.4,0.4
2021-12-31,21.2,62.4,3.3,1.8
2022-01-01,19.8,62.6,13.5,1.1
2022-01-02,21.2,66.5,5.5,2.8
2022-01-03,21.1,65.3,9.5,2.0
2022-01-04,25.8,49.0,4.4,1.0
2022-01-05,25.3,45.3,10.9,0.5
2022-01-06,22.8,59.4,3.3,0.2
2022-01-07,22.2,42.8,9.4,0.2
2022-01-08,24.4,64.3,9.3,0.4
2022-01-09,17.8,45.2,3.4,0.6
2022-01-10,17.4,53.0,2.9,0.3
2022-01-11,20.3,48.3,11.3,0.3
2022-01-12,23.3,42.7,2.1,0.8
2022-01-13,25.3,40.5,4.4,0.4
2022-01-14,23.4,61.6,14.3,1.5
2022-01-15,22.3,59.0,9.4,0.9
2022-01-16,21.4,63.9,5.3,1.1
2022-01-17,24.0,40.4,10.8,0.2
2022-01-18,18.8,53.0,2.8,1.1
2022-01-19,23.1,53.0,8.6,0.5
2022-01-20,17.5,62.9,1.5,0.1
2022-01-21,22.8,52.6,4.9,2.3
2022-01-22,21.2,61.9,4.2,0.3
2022-01-23,19.8,51.9,13.8,1.5
2022-01-24,22.2,56.5,1.6,1.7
2022-01-25,23.0,40.4,12.6,3.4
2022-01-26,20.7,54.3,14.1,2.8
2022-01-27,22.9,40.3,1.1,1.4
2022-01-28,21.9,69.2,5.1,0.5
2022-01-29,22.5,49.5,3.8,1.3
2022-01-30,22.5,69.1,3.6,4.3
2022-01-31,24.1,68.7,1.4,0.0
2022-02-01,21.6,54.8,9.8,2.0
2022-02-02,19.7,63.2,10.1,0.7
2022-02-03,23.8,40.1,6.1,0.1
2022-02-04,23.8,41.8,6.5,0.5
2022-02-05,22.3,61.2,7.2,2.2
2022-02-06,23.6,40.1,12.4,0.3
2022-02-07,21.5,48.8,5.9,2.6
2022-02-08,23.5,59.6,2.4,0.3
2022-02-09,23.6,58.6,10.6,0.2
2022-02-10,22.0,63.1,8.8,0.4
2022-02-11,20.2,68.9,14.7,0.6
2022-02-12,23.0,45.7,3.3,0.7
2022-02-13,19.2,66.6,7.1,1.0
2022-02-14,18.1,69.6,5.5,1.0
2022-02-15,21.9,66.4,6.1,2.3
2022-02-16,25.9,56.9,9.8,0.3
2022-02-17,20.5,69.0,5.1,0.5
2022-02-18,21.5,49.5,14.4,0.7
2022-02-19,22.3,40.2,14.1,0.2
2022-02-20,17.6,40.9,6.9,0.1
2022-02-21,20.2,49.2,13.2,0.4
2022-02-22,23.8,46.8,15.0,0.8
2022-02-23,20.2,63.0,6.2,3.1
2022-02-24,24.5,61.2,13.5,0.1
2022-02-25,21.5,56.3,10.1,0.3
2022-02-26,20.4,56.6,6.0,1.3
2022-02-27,24.7,64.3,8.6,1.3
2022-02-28,22.4,60.2,7.6,0.1
2022-03-01,34.9,58.3,2.3,0.3
2022-03-02,37.1,48.8,11.9,0.1
2022-03-03,34.8,54.3,7.9,1.6
2022-03-04,29.0,59.3,4.9,0.7
2022-03-05,37.2,43.1,1.3,0.5
2022-03-06,31.4,39.2,12.2,2.0
2022-03-07,36.7,41.5,9.0,0.3
2022-03-08,33.8,57.4,13.0,1.3
2022-03-09,33.4,46.3,14.4,1.2
2022-03-10,33.5,41.1,8.2,0.4
2022-03-11,36.0,51.7,13.1,0.5
2022-03-12,39.5,35.5,11.8,0.4
2022-03-13,37.7,38.6,5.2,0.2
2022-03-14,30.4,56.6,4.2,0.6
2022-03-15,31.6,47.9,12.7,0.0
2022-03-16,36.2,35.6,5.2,0.0
2022-03-17,33.4,45.1,5.1,0.5
2022-03-18,35.0,57.8,11.7,1.6
2022-03-19,37.9,43.8,7.9,0.6
2022-03-20,34.3,37.1,4.6,2.6
2022-03-21,32.1,54.5,7.0,1.5
2022-03-22,31.8,30.4,2.9,3.7
2022-03-23,35.2,58.1,5.6,1.5
2022-03-24,35.5,37.0,3.8,0.5
2022-03-25,36.4,49.4,1.5,0.2
2022-03-26,35.6,47.4,3.8,0.6
2022-03-27,36.0,49.0,14.6,0.6
2022-03-28,27.5,31.4,13.7,1.1
2022-03-29,31.8,52.9,14.9,0.7
2022-03-30,32.0,47.7,1.2,2.6
2022-03-31,35.4,42.5,7.0,1.8
2022-04-01,31.4,51.4,2.7,0.8
2022-04-02,36.9,33.5,5.7,0.8
2022-04-03,37.1,43.8,2.5,0.5
2022-04-04,35.2,30.7,12.2,0.6
2022-04-05,33.0,33.0,11.2,0.3
2022-04-06,36.5,35.1,3.0,1.6
2022-04-07,39.9,34.0,6.2,1.6
2022-04-08,30.6,39.7,10.7,0.4
2022-04-09,31.1,37.2,11.9,0.4
2022-04-10,34.6,33.2,9.8,0.8
2022-04-11,36.3,39.4,11.9,1.8
2022-04-12,30.7,50.9,4.5,2.3
2022-04-13,34.7,58.8,5.2,1.5
2022-04-14,29.4,33.0,10.3,1.7
2022-04-15,36.8,48.4,6.3,0.2
2022-04-16,36.4,49.4,1.2,0.0
2022-04-17,31.9,47.0,2.8,1.0
2022-04-18,29.8,40.1,2.6,0.5
2022-04-19,35.8,58.9,7.2,3.6
2022-04-20,35.7,43.9,11.9,0.5
2022-04-21,36.5,45.6,8.9,1.1
2022-04-22,32.4,41.3,4.4,0.2
2022-04-23,34.8,36.0,1.3,0.7
2022-04-24,34.1,31.6,4.8,1.1
2022-04-25,35.6,33.2,3.8,1.8
2022-04-26,36.6,30.2,10.9,0.3
2022-04-27,37.8,34.6,4.0,0.9
2022-04-28,37.2,39.1,7.1,1.2
2022-04-29,33.6,32.9,12.8,0.4
2022-04-30,32.6,54.9,11.9,0.8
2022-05-01,31.0,53.3,5.8,0.1
2022-05-02,36.0,56.9,2.3,0.5
2022-05-03,33.9,42.1,13.7,0.8
2022-05-04,30.9,48.8,3.7,0.7
2022-05-05,30.7,34.3,11.9,0.7
2022-05-06,29.7,30.1,10.1,1.8
2022-05-07,29.3,53.1,13.9,0.6
2022-05-08,31.8,32.6,4.0,0.8
2022-05-09,33.3,48.8,12.5,2.7
2022-05-10,33.0,58.5,6.2,5.2
2022-05-11,33.4,43.8,10.9,0.2
2022-05-12,38.0,47.3,5.7,0.0
2022-05-13,33.0,54.3,9.9,1.2
2022-05-14,37.0,49.2,8.5,1.0
2022-05-15,38.9,52.7,7.7,0.5
2022-05-16,30.0,39.7,5.6,0.1
2022-05-17,32.7,41.7,4.1,0.1
2022-05-18,31.6,40.5,11.2,0.2
2022-05-19,31.8,40.3,9.3,0.1
2022-05-20,33.2,50.8,1.1,1.0
2022-05-21,30.5,53.8,10.5,0.4
2022-05-22,33.7,30.6,3.6,1.7
2022-05-23,32.8,50.2,2.9,0.3
2022-05-24,34.5,56.7,12.6,0.4
2022-05-25,36.1,58.3,13.7,0.5
2022-05-26,30.3,59.9,4.2,3.0
2022-05-27,30.5,55.1,14.7,0.4
2022-05-28,28.9,35.9,10.4,0.8
2022-05-29,35.8,52.3,8.5,0.2
2022-05-30,29.8,46.6,8.5,0.3
2022-05-31,33.1,36.0,5.7,2.3
2022-06-01,26.1,85.8,14.4,2.5
2022-06-02,28.5,79.9,4.0,7.5
2022-06-03,28.6,76.1,1.6,19.4
2022-06-04,28.7,88.8,12.7,4.9
2022-06-05,26.5,75.7,5.7,41.4
2022-06-06,27.9,74.0,1.6,13.1
2022-06-07,27.6,71.2,10.7,43.6
2022-06-08,27.2,83.0,10.3,13.1
2022-06-09,27.0,91.7,7.3,3.3
2022-06-10,26.8,79.8,10.9,0.4
2022-06-11,31.9,77.0,3.7,4.2
2022-06-12,28.9,80.5,14.2,8.5
2022-06-13,28.6,80.4,7.7,0.9
2022-06-14,32.2,73.9,11.2,7.0
2022-06-15,27.8,79.9,13.3,1.6
2022-06-16,28.5,90.6,1.8,11.9
2022-06-17,24.9,73.0,4.0,12.2
2022-06-18,28.7,82.5,4.0,6.0
2022-06-19,26.7,70.0,6.8,17.0
2022-06-20,28.0,92.7,7.0,5.5
2022-06-21,27.0,77.7,11.7,7.5
2022-06-22,27.5,83.5,3.2,11.4
2022-06-23,29.9,75.4,11.5,2.1
2022-06-24,28.4,90.3,5.6,2.3
2022-06-25,25.4,85.6,11.8,5.5
2022-06-26,31.3,91.1,9.6,16.0
2022-06-27,26.1,70.7,1.9,2.8
2022-06-28,32.3,80.9,9.4,15.1
2022-06-29,26.0,76.5,12.8,1.4
2022-06-30,29.1,77.0,3.0,6.6
2022-07-01,27.3,78.3,9.4,3.2
2022-07-02,26.3,77.9,2.3,11.7
2022-07-03,30.4,85.1,7.2,1.0
2022-07-04,25.6,77.7,2.8,8.0
2022-07-05,27.1,76.9,3.6,11.0
2022-07-06,32.0,73.8,13.1,0.1
2022-07-07,34.6,72.9,5.7,0.9
2022-07-08,25.0,82.9,8.0,9.7
2022-07-09,27.2,70.7,2.2,4.4
2022-07-10,30.2,78.1,13.0,33.7
2022-07-11,26.7,80.8,1.5,11.5
2022-07-12,25.3,71.0,9.8,1.0
2022-07-13,30.2,77.1,10.9,5.4
2022-07-14,27.5,83.6,3.1,3.0
2022-07-15,25.7,93.5,3.4,6.2
2022-07-16,28.3,88.0,11.8,0.9
2022-07-17,25.8,70.9,4.8,40.1
2022-07-18,27.7,93.8,8.0,5.6
2022-07-19,28.3,73.0,7.1,1.5
2022-07-20,31.5,79.1,2.1,6.5
2022-07-21,28.0,70.7,6.3,0.5
2022-07-22,26.8,71.5,4.4,3.9
2022-07-23,27.2,73.0,7.1,3.4
2022-07-24,25.5,90.8,5.3,21.6
2022-07-25,29.1,73.4,1.7,3.4
2022-07-26,24.5,79.5,8.9,1.0
2022-07-27,26.9,93.7,9.6,16.0
2022-07-28,26.8,91.0,13.2,1.9
2022-07-29,27.2,82.7,10.5,21.2
2022-07-30,29.1,86.5,4.8,6.6
2022-07-31,27.9,77.8,9.5,10.4
2022-08-01,28.8,78.6,4.0,2.9
2022-08-02,28.4,82.6,1.8,2.1
2022-08-03,26.6,70.5,3.6,10.7
2022-08-04,27.0,91.7,4.7,4.4
2022-08-05,26.6,87.3,13.5,0.4
2022-08-06,33.6,87.0,10.1,2.5
2022-08-07,27.3,81.9,13.6,4.2
2022-08-08,31.2,86.6,7.0,2.5
2022-08-09,29.7,71.0,8.8,0.8
2022-08-10,25.3,81.2,1.2,5.1
2022-08-11,28.7,73.6,14.9,7.8
2022-08-12,26.3,90.5,2.2,4.5
2022-08-13,28.7,85.0,6.8,2.1
2022-08-14,30.2,80.8,4.0,0.9
2022-08-15,25.2,82.5,1.1,12.5
2022-08-16,26.2,85.1,4.2,14.5
2022-08-17,28.5,82.4,3.5,11.9
2022-08-18,30.2,91.1,7.8,6.2
2022-08-19,29.8,83.9,6.5,10.1
2022-08-20,28.5,73.2,5.2,10.2
2022-08-21,28.2,75.9,13.7,15.3
2022-08-22,30.5,74.4,13.3,12.5
2022-08-23,25.1,78.0,13.3,8.5
2022-08-24,24.3,83.1,11.1,13.9
2022-08-25,31.1,82.5,13.6,5.4
2022-08-26,27.4,87.0,9.0,9.7
2022-08-27,27.6,76.6,9.6,2.8
2022-08-28,28.0,78.3,4.2,5.7
2022-08-29,24.4,75.0,6.4,10.6
2022-08-30,29.1,80.0,10.9,1.0
2022-08-31,27.2,77.0,9.7,6.7
2022-09-01,28.7,88.0,11.3,4.8
2022-09-02,27.7,80.3,3.2,4.2
2022-09-03,24.6,85.8,13.0,4.1
2022-09-04,28.3,89.3,9.3,1.3
2022-09-05,28.2,72.8,7.1,5.6
2022-09-06,31.7,78.1,5.5,7.0
2022-09-07,29.6,75.3,14.7,13.1
2022-09-08,26.2,81.0,3.4,13.4
2022-09-09,24.6,74.0,5.5,19.9
2022-09-10,28.2,82.4,7.1,4.5
2022-09-11,28.8,74.8,10.6,6.6
2022-09-12,28.2,87.9,5.7,11.3
2022-09-13,27.5,84.8,13.7,2.8
2022-09-14,24.4,81.3,12.5,0.8
2022-09-15,27.8,83.9,12.2,7.0
2022-09-16,28.5,73.8,11.1,14.7
2022-09-17,28.1,70.7,9.4,5.5
2022-09-18,27.0,85.9,5.2,20.9
2022-09-19,27.7,86.7,11.1,13.2
2022-09-20,30.4,89.9,12.2,8.1
2022-09-21,28.3,82.4,8.5,2.1
2022-09-22,26.8,71.6,13.0,6.5
2022-09-23,27.2,85.8,6.8,3.6
2022-09-24,26.3,78.5,6.2,5.3
2022-09-25,27.3,72.0,12.8,5.0
2022-09-26,27.2,72.3,6.9,8.6
2022-09-27,27.3,87.4,8.6,4.1
2022-09-28,29.8,89.4,2.9,27.5
2022-09-29,25.8,70.8,14.8,11.0
2022-09-30,28.2,84.9,1.9,0.6
2022-10-01,25.0,50.1,7.6,5.5
2022-10-02,24.0,79.9,8.0,6.5
2022-10-03,24.0,59.1,8.6,0.4
2022-10-04,29.0,52.5,5.5,1.8
2022-10-05,26.0,77.0,14.0,0.6
2022-10-06,29.5,67.8,8.0,0.4
2022-10-07,28.8,69.5,6.8,0.2
2022-10-08,25.3,76.6,11.4,1.6
2022-10-09,28.3,66.1,14.6,4.4
2022-10-10,27.0,71.9,6.1,2.6
2022-10-11,26.8,62.4,3.6,5.2
2022-10-12,25.9,72.3,13.4,0.1
2022-10-13,25.3,58.0,9.2,0.6
2022-10-14,30.6,62.3,13.7,4.1
2022-10-15,29.0,62.7,9.6,0.1
2022-10-16,24.3,60.9,7.6,0.0
2022-10-17,27.5,65.8,14.1,2.1
2022-10-18,25.5,76.4,9.1,3.8
2022-10-19,26.3,55.9,8.5,2.5
2022-10-20,25.5,61.7,11.2,4.8
2022-10-21,27.1,51.3,8.0,1.7
2022-10-22,31.0,63.4,10.1,0.0
2022-10-23,28.7,50.9,9.2,0.0
2022-10-24,27.0,66.3,2.4,0.0
2022-10-25,26.7,53.7,9.6,0.5
2022-10-26,29.5,59.9,9.9,0.1
2022-10-27,26.7,72.8,3.1,0.3
2022-10-28,26.7,63.4,11.5,0.5
2022-10-29,29.1,51.1,3.2,5.8
2022-10-30,26.9,77.8,8.2,1.2
2022-10-31,24.5,57.8,12.2,0.6
2022-11-01,28.9,63.2,14.3,1.0
2022-11-02,27.7,74.1,10.4,0.4
2022-11-03,29.6,59.7,14.5,3.5
2022-11-04,27.7,72.4,4.9,1.9
2022-11-05,29.9,51.2,3.0,3.4
2022-11-06,31.0,76.7,4.0,2.8
2022-11-07,26.0,64.2,3.7,3.3
2022-11-08,28.8,65.7,4.1,5.9
2022-11-09,28.6,66.1,10.9,6.7
2022-11-10,25.8,67.2,10.2,1.2
2022-11-11,28.3,65.7,9.6,2.9
2022-11-12,28.6,51.9,6.7,8.9
2022-11-13,28.3,55.1,12.0,7.7
2022-11-14,30.7,56.8,6.6,1.6
2022-11-15,24.1,72.6,11.6,1.7
2022-11-16,26.0,63.2,1.0,2.2
2022-11-17,29.6,55.9,11.7,5.6
2022-11-18,27.4,50.6,3.3,2.3
2022-11-19,25.7,75.6,1.9,2.9
2022-11-20,28.6,72.0,10.3,0.4
2022-11-21,27.6,68.3,12.1,3.0
2022-11-22,25.0,56.1,6.7,1.8
2022-11-23,24.3,52.5,2.7,0.8
2022-11-24,24.3,59.8,9.0,5.1
2022-11-25,27.5,65.6,7.1,8.7
2022-11-26,27.4,62.2,13.6,1.3
2022-11-27,28.9,67.0,8.3,0.9
2022-11-28,25.4,53.9,11.9,3.5
2022-11-29,25.4,59.7,12.1,1.6
2022-11-30,27.8,76.8,12.8,0.1
2022-12-01,18.2,56.7,14.4,0.9
2022-12-02,21.2,46.9,9.1,0.6
2022-12-03,20.7,61.8,7.0,0.1
2022-12-04,21.9,64.5,5.1,0.1
2022-12-05,23.6,62.1,7.2,1.0
2022-12-06,24.3,66.9,10.0,0.6
2022-12-07,23.4,51.4,7.7,2.6
2022-12-08,23.3,40.1,12.7,0.4
2022-12-09,21.7,53.5,9.2,0.4
2022-12-10,18.6,48.0,13.9,0.4
2022-12-11,20.1,68.8,11.3,0.1
2022-12-12,24.4,41.0,11.4,0.3
2022-12-13,24.9,54.9,8.4,0.0
2022-12-14,22.1,54.0,13.1,0.3
2022-12-15,23.9,64.0,4.2,2.0
2022-12-16,22.6,67.4,8.4,2.5
2022-12-17,20.8,59.3,4.9,0.1
2022-12-18,24.1,54.5,1.8,0.9
2022-12-19,22.2,68.9,3.2,0.7
2022-12-20,22.4,44.2,13.8,0.2
2022-12-21,17.8,66.2,4.9,0.1
2022-12-22,19.3,40.1,3.7,1.2
2022-12-23,23.5,49.7,3.1,0.3
2022-12-24,22.2,49.9,7.8,0.2
2022-12-25,23.3,54.8,8.4,1.5
2022-12-26,23.0,44.4,1.6,0.8
2022-12-27,21.0,51.1,2.9,1.1
2022-12-28,27.2,67.3,2.1,0.6
2022-12-29,25.3,44.4,12.2,0.3
2022-12-30,23.3,42.4,9.7,0.2
2022-12-31,19.1,42.9,7.3,1.3
2023-01-01,23.3,60.2,10.4,0.1
2023-01-02,21.2,46.0,3.2,2.5
2023-01-03,19.2,68.3,9.3,0.4
2023-01-04,23.2,43.9,9.5,0.7
2023-01-05,22.6,61.1,5.2,2.0
2023-01-06,25.0,50.2,8.8,0.0
2023-01-07,22.0,62.4,6.9,0.2
2023-01-08,22.4,59.3,1.4,0.6
2023-01-09,24.3,51.9,13.0,0.6
2023-01-10,19.6,48.1,12.8,1.0
2023-01-11,20.8,41.5,3.5,0.3
2023-01-12,23.4,40.8,8.3,0.4
2023-01-13,19.5,46.1,11.5,0.8
2023-01-14,25.0,60.8,4.7,1.9
2023-01-15,14.5,49.6,2.9,1.2
2023-01-16,23.9,64.2,6.4,0.0
2023-01-17,19.3,59.7,13.1,0.0
2023-01-18,25.8,42.3,5.1,0.3
2023-01-19,22.8,62.1,2.0,1.2
2023-01-20,23.1,49.0,1.8,0.0
2023-01-21,23.5,41.7,10.2,4.2
2023-01-22,20.7,66.0,11.9,1.1
2023-01-23,19.9,59.9,8.1,0.8
2023-01-24,20.3,45.3,8.7,0.3
2023-01-25,23.0,56.6,14.3,0.6
2023-01-26,21.8,42.7,5.8,0.3
2023-01-27,22.8,49.1,1.9,2.1
2023-01-28,23.1,54.8,5.4,1.1
2023-01-29,21.8,54.5,6.8,0.4
2023-01-30,21.6,42.8,13.3,0.0
2023-01-31,21.6,59.9,5.5,1.9
2023-02-01,21.1,59.6,1.7,0.6
2023-02-02,21.2,68.9,5.8,1.4
2023-02-03,21.8,47.0,5.4,0.5
2023-02-04,23.4,52.1,3.2,1.4
2023-02-05,21.6,56.0,9.3,0.7
2023-02-06,23.7,46.9,1.8,0.5
2023-02-07,22.8,58.7,6.5,2.7
2023-02-08,22.2,46.3,10.0,0.8
2023-02-09,22.8,60.0,3.7,1.0
2023-02-10,20.7,62.0,10.4,0.7
2023-02-11,20.5,64.0,7.6,0.8
2023-02-12,23.7,44.5,13.8,1.5
2023-02-13,17.3,64.4,12.6,1.7
2023-02-14,20.2,66.6,14.9,0.9
2023-02-15,25.7,62.6,11.4,0.5
2023-02-16,20.2,66.5,6.1,0.2
2023-02-17,24.2,59.1,10.5,0.7
2023-02-18,23.4,48.5,7.2,0.3
2023-02-19,23.1,51.8,4.0,0.7
2023-02-20,24.7,66.5,5.0,1.1
2023-02-21,21.9,66.2,4.2,0.5
2023-02-22,22.1,46.1,3.7,2.0
2023-02-23,20.3,62.1,14.1,0.2
2023-02-24,20.2,68.9,6.4,0.7
2023-02-25,25.5,44.9,9.3,1.3
2023-02-26,20.6,46.6,1.7,0.7
2023-02-27,20.4,48.7,9.7,1.3
2023-02-28,23.1,40.6,7.1,0.8
2023-03-01,36.2,40.8,10.2,4.9
2023-03-02,34.7,32.9,5.9,1.4
2023-03-03,29.1,35.1,1.2,0.2
2023-03-04,36.2,44.6,6.5,0.4
2023-03-05,36.7,56.5,1.4,0.1
2023-03-06,34.3,30.2,10.8,0.1
2023-03-07,29.5,43.4,13.8,3.0
2023-03-08,31.6,57.5,6.2,0.9
2023-03-09,29.7,54.0,10.4,2.6
2023-03-10,35.9,42.6,7.8,1.2
2023-03-11,32.4,58.2,3.2,0.1
2023-03-12,32.2,37.1,10.7,0.2
2023-03-13,32.1,36.5,3.8,0.3
2023-03-14,35.5,41.0,2.0,0.4
2023-03-15,33.7,40.6,11.7,0.3
2023-03-16,31.1,55.4,9.1,1.6
2023-03-17,31.0,38.7,9.3,0.4
2023-03-18,31.9,45.3,10.1,2.2
2023-03-19,38.3,46.1,3.5,0.1
2023-03-20,35.5,33.2,6.0,0.0
2023-03-21,30.3,51.6,12.1,1.2
2023-03-22,36.7,44.6,9.0,0.2
2023-03-23,38.6,49.1,8.9,0.1
2023-03-24,34.3,34.8,2.6,0.1
2023-03-25,31.3,57.3,4.5,0.9
2023-03-26,34.2,34.3,7.9,1.5
2023-03-27,31.7,51.8,10.8,0.5
2023-03-28,35.8,55.4,9.1,0.9
2023-03-29,39.5,39.2,8.2,2.7
2023-03-30,36.6,34.4,5.3,0.3
2023-03-31,27.2,45.5,5.0,1.2
2023-04-01,34.5,55.6,7.7,0.5
2023-04-02,30.7,38.7,2.7,1.7
2023-04-03,35.5,53.9,3.7,5.8
2023-04-04,39.7,53.7,11.2,0.4
2023-04-05,35.3,50.7,7.9,1.4
2023-04-06,38.7,40.7,6.3,1.5
2023-04-07,36.5,34.8,4.6,0.0
2023-04-08,34.8,53.9,14.2,0.8
2023-04-09,29.0,53.0,12.5,1.1
2023-04-10,35.0,50.0,4.9,0.6
2023-04-11,33.6,31.4,4.2,0.6
2023-04-12,33.0,51.1,2.1,0.2
2023-04-13,34.4,33.2,7.3,0.8
2023-04-14,34.2,54.0,4.9,1.0
2023-04-15,34.0,56.8,2.8,2.4
2023-04-16,33.7,55.8,2.3,0.0
2023-04-17,33.7,32.1,1.6,0.6
2023-04-18,35.2,30.5,4.0,0.8
2023-04-19,29.4,34.0,4.5,4.2
2023-04-20,37.4,31.9,4.5,0.3
2023-04-21,31.1,54.2,6.0,0.1
2023-04-22,29.9,33.1,3.0,4.0
2023-04-23,27.0,53.4,11.3,0.3
2023-04-24,26.7,30.8,2.4,2.6
2023-04-25,30.1,41.1,3.0,1.0
2023-04-26,33.8,38.7,12.8,1.1
2023-04-27,35.9,33.3,14.4,0.2
2023-04-28,41.5,30.1,11.6,0.7
2023-04-29,33.4,44.8,13.3,0.3
2023-04-30,29.7,57.8,1.1,1.4
2023-05-01,30.1,38.0,9.0,0.2
2023-05-02,35.9,43.4,14.1,0.2
2023-05-03,36.3,30.7,12.5,0.2
2023-05-04,31.9,46.1,7.0,1.0
2023-05-05,30.9,35.1,7.4,2.5
2023-05-06,33.5,44.2,1.2,1.1
2023-05-07,37.0,42.5,7.3,0.5
2023-05-08,34.3,55.7,11.5,0.9
2023-05-09,33.8,59.3,9.1,1.2
2023-05-10,34.1,31.4,7.6,2.5
2023-05-11,33.5,47.3,7.5,2.2
2023-05-12,36.5,35.4,6.3,0.6
2023-05-13,36.2,30.3,4.7,0.7
2023-05-14,35.5,34.9,12.7,1.1
2023-05-15,29.9,52.5,12.3,0.7
2023-05-16,34.6,58.9,5.5,0.5
2023-05-17,36.9,59.2,7.5,0.3
2023-05-18,30.7,47.3,4.5,3.1
2023-05-19,34.1,51.9,3.3,1.5
2023-05-20,35.7,59.2,13.1,3.7
2023-05-21,32.6,55.6,4.7,2.2
2023-05-22,36.7,35.1,9.1,1.4
2023-05-23,33.3,40.0,6.9,1.1
2023-05-24,31.3,49.5,10.9,1.6
2023-05-25,36.4,37.4,11.6,0.7
2023-05-26,34.7,36.7,10.6,0.2
2023-05-27,35.0,43.4,3.4,1.3
2023-05-28,34.8,39.4,3.1,1.0
2023-05-29,31.9,52.0,11.5,0.5
2023-05-30,37.2,57.0,3.3,0.9
2023-05-31,34.1,37.2,11.1,0.5
2023-06-01,29.3,93.4,3.0,19.0
2023-06-02,28.5,80.2,12.1,5.0
2023-06-03,30.0,91.1,1.8,8.6
2023-06-04,25.9,82.7,6.9,2.4
2023-06-05,23.8,89.7,12.4,2.5
2023-06-06,27.9,71.3,7.4,7.5
2023-06-07,29.6,72.2,9.6,3.4
2023-06-08,29.7,82.3,2.6,0.9
2023-06-09,28.6,80.4,13.9,1.6
2023-06-10,26.9,82.8,10.3,3.2
2023-06-11,25.5,85.1,12.6,22.4
2023-06-12,25.8,85.4,4.8,7.8
2023-06-13,32.3,74.5,5.3,5.9
2023-06-14,27.2,88.4,3.3,1.9
2023-06-15,28.3,85.0,6.9,32.8
2023-06-16,32.0,79.4,1.2,1.1
2023-06-17,28.2,79.7,14.9,10.9
2023-06-18,24.3,78.7,7.3,0.8
2023-06-19,27.3,85.7,1.2,7.8
2023-06-20,30.9,82.6,4.6,23.2
2023-06-21,30.3,91.3,4.7,1.5
2023-06-22,28.5,89.8,6.3,4.8
2023-06-23,27.6,70.3,14.5,9.7
2023-06-24,26.6,76.6,6.7,4.4
2023-06-25,29.5,75.8,12.0,12.5
2023-06-26,27.5,70.7,11.3,8.1
2023-06-27,29.2,86.8,13.1,4.0
2023-06-28,29.1,93.0,2.3,10.4
2023-06-29,23.7,89.4,12.6,18.6
2023-06-30,30.6,71.9,13.1,2.3
2023-07-01,27.8,71.0,13.0,4.1
2023-07-02,26.3,81.5,5.4,10.5
2023-07-03,27.8,92.7,3.3,22.6
2023-07-04,27.4,81.7,4.4,1.4
2023-07-05,26.9,93.3,9.4,10.0
2023-07-06,28.9,87.9,9.2,15.3
2023-07-07,26.4,83.9,12.4,4.1
2023-07-08,27.7,79.4,12.1,0.4
2023-07-09,30.3,86.8,8.1,4.6
2023-07-10,28.7,82.7,5.4,0.9
2023-07-11,27.4,87.2,2.5,17.9
2023-07-12,31.2,76.9,2.4,11.3
2023-07-13,30.0,76.0,8.0,0.0
2023-07-14,27.4,92.0,8.9,1.8
2023-07-15,27.6,76.8,10.2,7.3
2023-07-16,26.1,71.2,14.6,15.6
2023-07-17,30.1,92.2,12.0,0.7
2023-07-18,32.6,85.3,10.5,6.1
2023-07-19,27.5,85.4,3.0,6.9
2023-07-20,28.8,94.1,9.2,12.6
2023-07-21,29.1,92.9,5.3,8.5
2023-07-22,28.8,88.4,5.0,13.9
2023-07-23,25.6,92.6,11.1,6.9
2023-07-24,26.4,92.5,6.6,14.4
2023-07-25,24.9,81.7,1.9,10.1
2023-07-26,25.6,83.0,2.8,11.8
2023-07-27,26.9,94.7,11.8,5.0
2023-07-28,27.6,94.1,1.4,9.4
2023-07-29,23.6,75.8,14.4,2.4
2023-07-30,29.5,71.7,3.5,13.0
2023-07-31,30.2,73.7,1.1,16.3
2023-08-01,29.6,86.4,12.1,1.0
2023-08-02,26.5,75.2,6.3,9.5
2023-08-03,29.3,76.5,5.1,2.9
2023-08-04,28.1,79.3,12.2,6.9
2023-08-05,30.1,85.0,14.1,12.6
2023-08-06,31.5,88.7,14.4,1.5
2023-08-07,27.2,73.1,14.7,13.1
2023-08-08,29.5,73.2,1.1,8.4
2023-08-09,27.0,81.2,13.0,12.1
2023-08-10,30.2,76.9,3.8,12.3
2023-08-11,31.5,87.1,10.4,5.6
2023-08-12,27.2,71.3,4.0,2.7
2023-08-13,25.2,81.6,14.2,25.6
2023-08-14,33.9,75.4,1.8,0.8
2023-08-15,25.9,76.2,12.7,20.2
2023-08-16,24.4,88.6,13.4,5.3
2023-08-17,29.2,78.8,11.4,1.1
2023-08-18,27.2,90.2,7.7,34.6
2023-08-19,31.2,82.4,6.2,1.4
2023-08-20,24.4,92.9,8.2,4.9
2023-08-21,23.3,71.5,8.0,2.1
2023-08-22,26.9,84.6,6.1,5.2
2023-08-23,29.2,93.6,11.4,0.2
2023-08-24,29.9,71.5,13.8,2.8
2023-08-25,29.4,80.0,4.6,0.4
2023-08-26,30.3,82.0,7.4,4.4
2023-08-27,28.2,81.3,14.1,0.1
2023-08-28,27.4,74.9,11.6,1.5
2023-08-29,30.3,70.1,1.3,4.5
2023-08-30,24.8,75.2,14.6,1.7
2023-08-31,29.7,80.5,10.3,15.9
2023-09-01,27.0,70.2,1.4,0.9
2023-09-02,27.8,89.6,4.4,10.6
2023-09-03,27.7,79.8,2.0,15.7
2023-09-04,26.0,94.9,13.8,4.7
2023-09-05,28.3,73.8,1.8,37.1
2023-09-06,26.5,76.2,14.2,5.1
2023-09-07,29.6,85.6,13.1,14.3
2023-09-08,28.5,94.7,7.2,0.8
2023-09-09,25.9,89.1,2.7,36.5
2023-09-10,30.9,84.9,2.4,16.9
2023-09-11,26.9,83.6,12.4,7.5
2023-09-12,27.8,85.1,10.6,0.1
2023-09-13,30.4,70.4,8.1,8.3
2023-09-14,30.0,82.9,8.1,13.5
2023-09-15,27.3,87.1,1.8,17.1
2023-09-16,27.8,88.9,5.7,6.7
2023-09-17,28.2,94.0,5.0,14.7
2023-09-18,26.9,78.3,14.1,1.4
2023-09-19,25.7,92.2,7.4,16.6
2023-09-20,26.8,91.5,8.5,19.0
2023-09-21,30.4,81.9,4.3,6.1
2023-09-22,27.6,89.6,12.8,9.2
2023-09-23,26.4,81.3,8.3,1.1
2023-09-24,27.8,75.0,2.8,14.9
2023-09-25,26.9,81.9,12.8,3.9
2023-09-26,25.9,84.9,8.3,2.1
2023-09-27,33.3,78.8,12.1,0.9
2023-09-28,25.3,70.0,4.5,0.3
2023-09-29,26.3,78.2,6.2,9.6
2023-09-30,28.8,78.8,1.0,1.4
2023-10-01,29.7,61.5,6.1,1.6
2023-10-02,26.4,65.4,13.7,3.9
2023-10-03,26.2,58.0,8.1,0.4
2023-10-04,25.7,66.9,10.3,5.1
2023-10-05,29.8,68.1,1.9,3.4
2023-10-06,27.4,61.0,12.5,16.4
2023-10-07,25.3,77.8,9.7,0.6
2023-10-08,27.2,56.4,4.9,2.7
2023-10-09,26.5,50.7,7.3,3.5
2023-10-10,26.7,65.9,3.0,0.2
2023-10-11,27.1,73.5,2.3,0.8
2023-10-12,27.6,73.8,9.8,0.9
2023-10-13,29.3,77.0,13.2,2.3
2023-10-14,27.2,56.1,8.8,0.4
2023-10-15,26.7,59.5,7.1,0.8
2023-10-16,28.9,57.9,10.0,4.5
2023-10-17,25.0,67.2,4.4,1.8
2023-10-18,28.9,50.9,13.3,4.0
2023-10-19,27.6,68.5,5.9,0.9
2023-10-20,25.6,50.2,5.0,0.3
2023-10-21,29.7,61.8,12.3,1.4
2023-10-22,26.1,74.4,3.9,4.7
2023-10-23,24.2,60.9,2.3,0.5
2023-10-24,23.2,65.4,9.5,2.7
2023-10-25,28.1,78.2,13.6,0.8
2023-10-26,27.6,65.9,3.1,0.5
2023-10-27,25.4,65.9,3.6,9.6
2023-10-28,25.9,67.8,4.3,7.8
2023-10-29,26.3,64.2,10.9,7.1
2023-10-30,31.4,71.9,7.8,3.9
2023-10-31,27.9,58.4,13.9,0.7
2023-11-01,26.7,70.7,7.1,2.7
2023-11-02,26.1,53.1,10.8,0.5
2023-11-03,22.8,61.2,10.6,1.7
2023-11-04,26.6,68.0,3.2,0.2
2023-11-05,28.1,62.5,13.1,10.4
2023-11-06,27.8,75.8,14.4,1.4
2023-11-07,25.5,76.7,9.0,0.0
2023-11-08,29.6,65.6,13.1,0.3
2023-11-09,25.4,64.3,9.3,5.1
2023-11-10,24.1,66.9,4.9,1.4
2023-11-11,23.6,60.2,12.8,1.7
2023-11-12,26.7,77.9,8.4,5.3
2023-11-13,25.1,63.8,6.0,8.5
2023-11-14,29.5,55.2,10.1,1.9
2023-11-15,28.1,70.2,9.4,0.8
2023-11-16,26.5,69.8,11.6,2.2
2023-11-17,27.0,52.3,1.0,1.1
2023-11-18,28.1,67.4,9.3,22.7
2023-11-19,23.8,57.1,13.6,2.1
2023-11-20,29.0,50.3,7.0,2.5
2023-11-21,29.2,63.5,6.3,0.7
2023-11-22,27.8,54.5,6.3,0.3
2023-11-23,24.2,77.5,10.6,3.5
2023-11-24,28.5,70.8,12.4,0.0
2023-11-25,30.3,55.9,9.8,5.5
2023-11-26,28.9,56.8,4.0,10.3
2023-11-27,26.4,71.7,14.3,0.3
2023-11-28,31.0,56.1,8.8,0.7
2023-11-29,25.5,51.1,11.8,0.8
2023-11-30,23.0,77.1,11.8,0.8
2023-12-01,19.9,45.0,13.0,1.0
2023-12-02,21.4,63.4,13.3,0.4
2023-12-03,22.2,54.3,3.1,0.1
2023-12-04,24.5,42.6,10.5,0.7
2023-12-05,23.9,59.8,3.0,1.8
2023-12-06,22.6,45.1,6.0,2.5
2023-12-07,22.0,69.1,6.4,1.0
2023-12-08,22.0,60.7,3.0,0.0
2023-12-09,24.2,49.1,6.3,0.1
2023-12-10,21.1,47.2,6.6,0.1
2023-12-11,24.6,41.9,5.8,0.5
2023-12-12,20.4,59.4,3.0,2.2
2023-12-13,22.8,40.9,8.5,1.5
2023-12-14,24.4,64.0,10.3,0.5
2023-12-15,20.9,50.2,11.0,0.7
2023-12-16,20.9,60.0,7.0,1.7
2023-12-17,23.1,47.6,13.4,0.2
2023-12-18,20.0,42.1,13.1,4.8
2023-12-19,22.7,46.7,1.8,1.6
2023-12-20,23.9,57.5,11.5,0.6
2023-12-21,21.9,54.3,6.8,0.2
2023-12-22,21.4,67.3,4.5,0.6
2023-12-23,20.6,48.8,10.0,1.5
2023-12-24,22.1,40.7,4.0,0.8
2023-12-25,21.4,54.7,10.9,0.2
2023-12-26,20.1,65.2,2.9,0.0
2023-12-27,19.6,43.6,12.3,2.3
2023-12-28,21.3,58.6,11.9,0.8
2023-12-29,24.2,62.1,3.4,0.9
2023-12-30,19.2,69.6,7.9,1.7
2023-12-31,24.7,53.8,11.8,1.3
